Dataset,megaTAL,Sequence ID,Sequence prefix,Mean normalized indel %,Std normalized indel %,5'UTR sequence,5'UTR description,Measured MRL,Predicted MRL (CNN)
HepG2,PDCD1,1,GGGGGG,0.3087095438853035,0.25090029695943544,ACATCGTAGAGAGTCGTACTTAAGGGATGCCACCGTTTAAAGGATATCTCGGTATGGCCTGGGTAAGCTTCC,"N50, MPRA, varying MRL",2.14201444267,1.8699944
HepG2,PDCD1,2,GGGGGG,0.7165101070286433,0.36945284747196383,ACATCGTAGAGAGTCGTACTTAACTCTAGAGTCAGGCATTCTGTGAAATGGACATGGGCGAAGTAGGACCTA,"N50, MPRA, varying MRL",3.49743523483,3.50064599999999
HepG2,PDCD1,3,GGGGGG,0.7734983453394831,0.3615008248893449,ACATCGTAGAGAGTCGTACTTACAGCTCCTGCCAACGCAGAAGGCACCTATGCACTCTCGGACCGCGTCTCC,"N50, MPRA, varying MRL",5.00082721136,5.0024657
HepG2,PDCD1,4,GGGGGG,1.3704903182262655,0.39828093854353297,ACATCGTAGAGAGTCGTACTTACCGGCAAGGGGTCCGGGGGTCTCCAACGCAGGAGCACACCGCAAGCTTAG,"N50, MPRA, varying MRL",6.49549800941999,6.496485
HepG2,PDCD1,5,GGGGGG,1.1273014125981518,0.31986686258291425,ACATCGTAGAGAGTCGTACTTACAAGAGTGCAAGACACGCTCAGAAGTTAACAAAGACTTAGCGACACCGTC,"N50, MPRA, high MRL",10.3604624995,7.82313999999999
HepG2,PDCD1,6,GGGGGG,1.2977500535248623,0.6803726856327209,ACATCGTAGAGAGTCGTACTTACGAGCCGGAAACGGTACTCTAATTGGCATACACACCTAGCGCAAACAATC,"N50, MPRA, high MRL",9.30928311507,7.7394547
HepG2,PDCD1,7,GGGGGG,1.1497359284653306,0.37521965863080914,ACATCGTAGAGAGTCGTACTTAACGCAAACTTTGTCGTGCCTTAGGTAGAGGGTGACTACTTGCGGATCAAG,"N50, MPRA, high MRL",9.22563531786,7.644577
HepG2,PDCD1,8,GGGGGG,1.272700148073509,0.3182159260904768,ACATCGTAGAGAGTCGTACTTACCCACGGTGATAGTGCGAGTAGACAGAGGGACTTTTAGGCACATTGGGAT,"N50, MPRA, high MRL",8.99674377403,7.9392843
HepG2,PDCD1,9,GGGGGG,1.5213267858992283,0.5368355676843983,AATACAGAGTAAACCCAATCCTGAG,"N25, MPRA, high MRL",7.85899915962985,6.5708075
HepG2,PDCD1,10,GGGGGG,1.1907954944789063,0.5949719616137668,CAACACTGGAAACCCGATCCCGAAG,"N25, MPRA, high MRL",7.53281897451905,6.5204167
HepG2,PDCD1,11,GGGGGG,1.03088976819743,0.2899493177384161,AGTAGCTGTCAGAAGGCTATATACC,"N25, MPRA, high MRL",7.47163065236159,6.501658
HepG2,PDCD1,12,GGGGGG,0.9181983534938731,0.2834611710076985,TAATACACTCATAGTCATAATTAAT,"N25, MPRA, high MRL",7.4351200947328,6.81824349999999
HepG2,PDCD1,13,GGGGGG,1.0835651483584405,0.20839690611446915,ACATCGTAGAGAGTCGTACTTACCGGATATCCGGATTTAATAGATAGAAGATATAATAAGATAATTATTGCT,"N50, SeqProp",,8.29675197601318
HepG2,PDCD1,14,GGGGGG,0.9954292584354375,0.4288132354748269,ACATCGTAGAGAGTCGTACTTACCGTAATCCGTTTTATAGTGAGAGAGTAGTAATTTAAGTAGAGAATCGTT,"N50, SeqProp",,8.12943744659423
HepG2,PDCD1,15,GGGGGG,0.8358541094113425,0.3567059815506925,ACATCGTAGAGAGTCGTACTTAACAGAGAGTTTTCTATAACGTAAATCCGTAGCTAAGTAAGTAGAAGAGTT,"N50, SeqProp",,7.93594694137573
HepG2,PDCD1,16,GGGGGG,0.8709828201971134,0.24609436370793653,ACATCGTAGAGAGTCGTACTTACCCGTAACTTAATAATATCCGAGATTAGTAGCTAATTTAGCGAGTAGGAA,"N50, SeqProp",,7.91066884994506
HepG2,PDCD1,17,GGGGGG,1.1806405336504688,0.45336089193818474,ACATCGTAGAGAGTCGTACTTACCCAGAGAATATAAATCATAGTATAGTAATCCAAGAGAGTAGAAGATATT,"N50, SeqProp+VAE",,7.85807561874389
HepG2,PDCD1,18,GGGGGG,1.248945374354463,0.3470440533447442,ACATCGTAGAGAGTCGTACTTAGAGAGAGAGTTTATACCACAGAGTAACTTAACCCAATAATAACTAGAGTA,"N50, SeqProp+VAE",,7.97784280776977
HepG2,PDCD1,19,GGGGGG,1.0976319030689092,0.47458870193448066,ACATCGTAGAGAGTCGTACTTACCCGGATAAAAAAACCCTGAGTGTAATCTAAGAGAATCGTAGAAAGAGTA,"N50, SeqProp+VAE",,7.84907531738281
HepG2,PDCD1,20,GGGGGG,1.0126458919815067,0.44616257699476597,ACATCGTAGAGAGTCGTACTTACCCGTAGCGTAAAAAACAATTAGTAGAGAGAAATTATTGAGCGTAAAGTA,"N50, SeqProp+VAE",,7.92645740509033
HepG2,PDCD1,21,GGGGGG,1.2441911662100589,0.5049555577022633,TTACGAGTAGAGAAGACCTTCTGAA,"N25, SeqProp",,7.24189281463623
HepG2,PDCD1,22,GGGGGG,1.1602037595745545,0.41363611271067036,TTTGACCTTTCCTACTGATAGAGAA,"N25, SeqProp",,7.16906356811523
HepG2,PDCD1,23,GGGGGG,1.3370434306999157,0.6493316938735929,CAAACTCTCTGAGGAGAGGTTTAAA,"N25, SeqProp",,7.26868772506713
HepG2,PDCD1,24,GGGGGG,1.0718178367190374,0.43973617969786377,TTTCCGTCTACTCGAGAGAGGAAAA,"N25, SeqProp",,7.17438793182373
HepG2,PDCD1,25,GGGGGG,1.0554341259750721,0.49686378221263783,TTCGAGCGACCTGAATTAGAGGACA,"N25, SeqProp",,7.0868330001831
HepG2,PDCD1,26,GGGGGG,0.714898828114026,0.4770016232180076,TTTACCGGAATCCGAATTTGCGAAA,"N25, SeqProp+VAE",,7.1935429573059
HepG2,PDCD1,27,GGGGGG,1.0036169188605606,0.36023342223216887,TTCCGACCTTCCGAGGAGTTTAAGA,"N25, SeqProp+VAE",,7.18079996109008
HepG2,PDCD1,28,GGGGGG,1.0036741330124865,0.4694853511562884,ACATCGTAGAGAGTCGTACTTATCGGAGAGAGAGAGAGAGAGAGAGAGAGATAAGTTCCTAACTGATTCTAA,"N50, DEN",,9.757784
HepG2,PDCD1,29,GGGGGG,1.0905624966035892,0.4800142091663194,ACATCGTAGAGAGTCGTACTTAGTCCCTGAACGTTTTCGGGGAGCGCACTAATCGTTTCTCACTGATCCTAA,"N50, DEN",,9.343899
HepG2,PDCD1,30,GGGGGG,1.3082242459590354,0.7243619722283063,ACATCGTAGAGAGTCGTACTTAAAGGAGAGAGAGAGAGAATCGGAGAGCACTAATCGTTCCACTAACTGATC,"N50, DEN",,9.214127
HepG2,PDCD1,31,GGGGGG,1.127736645937489,0.6921203637467096,ACATCGTAGAGAGTCGTACTTATCTAGTTCTAGTAGATAAGTTCCACTAGAACCCTAACTGACTAGCACACA,"N50, DEN",,9.167394
HepG2,PDCD1,32,GGGGGG,1.0290280916029417,0.5191753618772007,ACATCGTAGAGAGTCGTACTTAAAGTCCCTAATCGTTCCTAATCGGGGAGAGAGATAAGTTTCTGATTCTAA,"N50, DEN",,9.146587
HepG2,PDCD1,33,GGGGGG,1.3866367790078094,0.5598339520324311,ACATCGTAGAGAGTCGTACTTAGTTTTCTGGAGAAAGAGTCTAGAGCTAGCAGAGAGACCTTAAACCCTAAA,"N50, DEN+VAE",,8.7772255
HepG2,PDCD1,34,GGGGGG,0.8921708463965652,0.3016682834423828,ACATCGTAGAGAGTCGTACTTAGAGAGTTTTTATTCTTAAGTTTCGAAGTGAGAATCTCTAGAATTATCATA,"N50, DEN+VAE",,8.63653
HepG2,PDCD1,35,GGGGGG,0.1989415974052659,0.16269765965225333,ACATCGTAGAGAGTCGTACTTACATCCCGGTCGCCATGGCTGGGTGTCCCCATCCGCGTCCCCAACAATGGC,"N50, DEN, varying MRL",,1.9945269
HepG2,PDCD1,36,GGGGGG,0.7021812713238871,0.4987692453665892,ACATCGTAGAGAGTCGTACTTACATCAAGGCGTGTCCCCATTAGGGCAGGTGTCCCCATCAATGCTGGGTAT,"N50, DEN, varying MRL",,3.4991133
HepG2,PDCD1,37,GGGGGG,0.7160761800418055,0.3353062172974857,ACATCGTAGAGAGTCGTACTTACATCAAGGTGTCTCCATCAAGGATAGGCCTGGCTCATCAAGGCTCGGTGT,"N50, DEN, varying MRL",,5.0119877
HepG2,PDCD1,38,GGGGGG,0.6765745392315116,0.2905324530720787,ACATCGTAGAGAGTCGTACTTAGTACGGCAGTACGGTGTCACCATTACGTGCTAGGTGTCACCATTTAGTAT,"N50, DEN, varying MRL",,6.500868
HepG2,PDCD1,39,GGGGGG,0.8574484382394222,0.6962324916304888,TTCGCGATCCGAGGGAGAAGTTGAG,"N25, DEN",,7.58412029999999
HepG2,PDCD1,40,GGGGGG,1.1623216528101135,0.3100968715626329,CGATTGAGGAGAGACGAACTGAACA,"N25, DEN",,7.25100399999999
HepG2,PDCD1,41,GGGGGG,1.4586201452080187,0.58722047853444,TAACTCTCTGACGAGGAGAGTTGAA,"N25, DEN",,7.20562899999999
HepG2,PDCD1,42,GGGGGG,1.2128836761197248,0.38272903954734294,TTCACGAGTGAGGTAATAACCTGAA,"N25, DEN",,7.1895304
HepG2,PDCD1,43,GGGGGG,0.6910974364290634,0.5098093822542582,TTACTGACTGCGAGACGAGAGTACA,"N25, DEN",,7.173338
HepG2,PDCD1,44,GGGGGG,1.0172653847133013,0.3374154403105447,TTCGCGAGAGAGGGAATTATACGTT,"N25, DEN+VAE",,7.329358
HepG2,PDCD1,45,GGGGGG,0.8464349772507791,0.35045700602400925,TTCACGCGAGAGGACTGCGAGGACA,"N25, DEN+VAE",,7.29157
HepG2,PDCD1,46,GGG,0.945684128445079,0.4760836812970029,GCTGGATCCCGCAGCCGCGGCTCTTCCCGACGCGTTCCGCCTTCCCCAGCTGTGCACTCTCCATCCAGCTGTGCGCTCTCGTCGGGAGTCCCAGCCGCCACC,VAT1,,
HepG2,PDCD1,47,GGG,0.7965414980929664,0.5212609877258602,AGACCCGCCGGGCTCCCGCCGCGCGCGCTGTCCCTGGAGCTCGGGGACGCGGCCCGGAGCCGGGAAGGCCACC,LAMA5,,
HepG2,PDCD1,48,GGG,1.0,0.3593857313914897,GCCACC,Strong Kozak,,
HepG2,TGFBR2,1,GGGGGG,0.09578439813725953,0.07668987105934334,ACATCGTAGAGAGTCGTACTTAAGGGATGCCACCGTTTAAAGGATATCTCGGTATGGCCTGGGTAAGCTTCC,"N50, MPRA, varying MRL",2.14201444267,1.8699944
HepG2,TGFBR2,2,GGGGGG,0.4701795531198947,0.3336067921735856,ACATCGTAGAGAGTCGTACTTAACTCTAGAGTCAGGCATTCTGTGAAATGGACATGGGCGAAGTAGGACCTA,"N50, MPRA, varying MRL",3.49743523483,3.50064599999999
HepG2,TGFBR2,3,GGGGGG,1.0438665872417412,1.2276405680527818,ACATCGTAGAGAGTCGTACTTACAGCTCCTGCCAACGCAGAAGGCACCTATGCACTCTCGGACCGCGTCTCC,"N50, MPRA, varying MRL",5.00082721136,5.0024657
HepG2,TGFBR2,4,GGGGGG,1.617514376956444,1.1617665070035132,ACATCGTAGAGAGTCGTACTTACCGGCAAGGGGTCCGGGGGTCTCCAACGCAGGAGCACACCGCAAGCTTAG,"N50, MPRA, varying MRL",6.49549800941999,6.496485
HepG2,TGFBR2,5,GGGGGG,1.3409558465144793,0.5979983939741343,ACATCGTAGAGAGTCGTACTTACAAGAGTGCAAGACACGCTCAGAAGTTAACAAAGACTTAGCGACACCGTC,"N50, MPRA, high MRL",10.3604624995,7.82313999999999
HepG2,TGFBR2,6,GGGGGG,1.1103346641206873,0.3424551331151338,ACATCGTAGAGAGTCGTACTTACGAGCCGGAAACGGTACTCTAATTGGCATACACACCTAGCGCAAACAATC,"N50, MPRA, high MRL",9.30928311507,7.7394547
HepG2,TGFBR2,7,GGGGGG,1.6597939341269097,0.737139621519351,ACATCGTAGAGAGTCGTACTTAACGCAAACTTTGTCGTGCCTTAGGTAGAGGGTGACTACTTGCGGATCAAG,"N50, MPRA, high MRL",9.22563531786,7.644577
HepG2,TGFBR2,8,GGGGGG,0.9925385192643604,0.3880953279777035,ACATCGTAGAGAGTCGTACTTACCCACGGTGATAGTGCGAGTAGACAGAGGGACTTTTAGGCACATTGGGAT,"N50, MPRA, high MRL",8.99674377403,7.9392843
HepG2,TGFBR2,9,GGGGGG,1.0372401874947548,0.5635182739831667,AATACAGAGTAAACCCAATCCTGAG,"N25, MPRA, high MRL",7.85899915962985,6.5708075
HepG2,TGFBR2,10,GGGGGG,1.7113645599810512,1.5756801847544335,CAACACTGGAAACCCGATCCCGAAG,"N25, MPRA, high MRL",7.53281897451905,6.5204167
HepG2,TGFBR2,11,GGGGGG,1.3262523683274983,0.4416369487508241,AGTAGCTGTCAGAAGGCTATATACC,"N25, MPRA, high MRL",7.47163065236159,6.501658
HepG2,TGFBR2,12,GGGGGG,0.7056297424125509,0.5956225564787265,TAATACACTCATAGTCATAATTAAT,"N25, MPRA, high MRL",7.4351200947328,6.81824349999999
HepG2,TGFBR2,13,GGGGGG,0.9050397094364676,0.49580433584477324,ACATCGTAGAGAGTCGTACTTACCGGATATCCGGATTTAATAGATAGAAGATATAATAAGATAATTATTGCT,"N50, SeqProp",,8.29675197601318
HepG2,TGFBR2,14,GGGGGG,0.6320227267360587,0.3447578008774581,ACATCGTAGAGAGTCGTACTTACCGTAATCCGTTTTATAGTGAGAGAGTAGTAATTTAAGTAGAGAATCGTT,"N50, SeqProp",,8.12943744659423
HepG2,TGFBR2,15,GGGGGG,1.1379951473022605,0.35415497238083116,ACATCGTAGAGAGTCGTACTTAACAGAGAGTTTTCTATAACGTAAATCCGTAGCTAAGTAAGTAGAAGAGTT,"N50, SeqProp",,7.93594694137573
HepG2,TGFBR2,16,GGGGGG,0.5260077182704337,0.23635936435197827,ACATCGTAGAGAGTCGTACTTACCCGTAACTTAATAATATCCGAGATTAGTAGCTAATTTAGCGAGTAGGAA,"N50, SeqProp",,7.91066884994506
HepG2,TGFBR2,17,GGGGGG,0.7646697278553053,0.43230308245552207,ACATCGTAGAGAGTCGTACTTACCCAGAGAATATAAATCATAGTATAGTAATCCAAGAGAGTAGAAGATATT,"N50, SeqProp+VAE",,7.85807561874389
HepG2,TGFBR2,18,GGGGGG,0.9919603571844475,0.7913040039345217,ACATCGTAGAGAGTCGTACTTAGAGAGAGAGTTTATACCACAGAGTAACTTAACCCAATAATAACTAGAGTA,"N50, SeqProp+VAE",,7.97784280776977
HepG2,TGFBR2,19,GGGGGG,0.7351155937152258,0.5096481757830839,ACATCGTAGAGAGTCGTACTTACCCGGATAAAAAAACCCTGAGTGTAATCTAAGAGAATCGTAGAAAGAGTA,"N50, SeqProp+VAE",,7.84907531738281
HepG2,TGFBR2,20,GGGGGG,0.5313485389084849,0.12113658582895015,ACATCGTAGAGAGTCGTACTTACCCGTAGCGTAAAAAACAATTAGTAGAGAGAAATTATTGAGCGTAAAGTA,"N50, SeqProp+VAE",,7.92645740509033
HepG2,TGFBR2,21,GGGGGG,1.3918713610127489,0.6341501484992639,TTACGAGTAGAGAAGACCTTCTGAA,"N25, SeqProp",,7.24189281463623
HepG2,TGFBR2,22,GGGGGG,1.3980239404487327,0.6998839447108255,TTTGACCTTTCCTACTGATAGAGAA,"N25, SeqProp",,7.16906356811523
HepG2,TGFBR2,23,GGGGGG,1.0409669259121166,0.6039564184308253,CAAACTCTCTGAGGAGAGGTTTAAA,"N25, SeqProp",,7.26868772506713
HepG2,TGFBR2,24,GGGGGG,1.1988680292185292,0.3511594533020214,TTTCCGTCTACTCGAGAGAGGAAAA,"N25, SeqProp",,7.17438793182373
HepG2,TGFBR2,25,GGGGGG,1.669083398333912,0.6792093832320805,TTCGAGCGACCTGAATTAGAGGACA,"N25, SeqProp",,7.0868330001831
HepG2,TGFBR2,26,GGGGGG,1.099039688657862,0.21804706396420548,TTTACCGGAATCCGAATTTGCGAAA,"N25, SeqProp+VAE",,7.1935429573059
HepG2,TGFBR2,27,GGGGGG,1.110300020845126,0.569635165117254,TTCCGACCTTCCGAGGAGTTTAAGA,"N25, SeqProp+VAE",,7.18079996109008
HepG2,TGFBR2,28,GGGGGG,0.9658509710231306,0.5194552526021233,ACATCGTAGAGAGTCGTACTTATCGGAGAGAGAGAGAGAGAGAGAGAGAGATAAGTTCCTAACTGATTCTAA,"N50, DEN",,9.757784
HepG2,TGFBR2,29,GGGGGG,1.11287440133703,0.33379002968498156,ACATCGTAGAGAGTCGTACTTAGTCCCTGAACGTTTTCGGGGAGCGCACTAATCGTTTCTCACTGATCCTAA,"N50, DEN",,9.343899
HepG2,TGFBR2,30,GGGGGG,1.5131150095648314,0.4282726216242576,ACATCGTAGAGAGTCGTACTTAAAGGAGAGAGAGAGAGAATCGGAGAGCACTAATCGTTCCACTAACTGATC,"N50, DEN",,9.214127
HepG2,TGFBR2,31,GGGGGG,1.030285727715345,0.4859934077701409,ACATCGTAGAGAGTCGTACTTATCTAGTTCTAGTAGATAAGTTCCACTAGAACCCTAACTGACTAGCACACA,"N50, DEN",,9.167394
HepG2,TGFBR2,32,GGGGGG,1.0520600655024606,0.4718337307278628,ACATCGTAGAGAGTCGTACTTAAAGTCCCTAATCGTTCCTAATCGGGGAGAGAGATAAGTTTCTGATTCTAA,"N50, DEN",,9.146587
HepG2,TGFBR2,33,GGGGGG,1.2103753191052633,0.7222125421104164,ACATCGTAGAGAGTCGTACTTAGTTTTCTGGAGAAAGAGTCTAGAGCTAGCAGAGAGACCTTAAACCCTAAA,"N50, DEN+VAE",,8.7772255
HepG2,TGFBR2,34,GGGGGG,1.093040023708091,0.7100815428593381,ACATCGTAGAGAGTCGTACTTAGAGAGTTTTTATTCTTAAGTTTCGAAGTGAGAATCTCTAGAATTATCATA,"N50, DEN+VAE",,8.63653
HepG2,TGFBR2,35,GGGGGG,0.03540509810324607,0.023094728811378404,ACATCGTAGAGAGTCGTACTTACATCCCGGTCGCCATGGCTGGGTGTCCCCATCCGCGTCCCCAACAATGGC,"N50, DEN, varying MRL",,1.9945269
HepG2,TGFBR2,36,GGGGGG,0.34910200836512956,0.2014201596572985,ACATCGTAGAGAGTCGTACTTACATCAAGGCGTGTCCCCATTAGGGCAGGTGTCCCCATCAATGCTGGGTAT,"N50, DEN, varying MRL",,3.4991133
HepG2,TGFBR2,37,GGGGGG,0.4540322184294315,0.3025759956262017,ACATCGTAGAGAGTCGTACTTACATCAAGGTGTCTCCATCAAGGATAGGCCTGGCTCATCAAGGCTCGGTGT,"N50, DEN, varying MRL",,5.0119877
HepG2,TGFBR2,38,GGGGGG,0.5345965871384143,0.32190584249843757,ACATCGTAGAGAGTCGTACTTAGTACGGCAGTACGGTGTCACCATTACGTGCTAGGTGTCACCATTTAGTAT,"N50, DEN, varying MRL",,6.500868
HepG2,TGFBR2,39,GGGGGG,1.2504180734466632,0.5072915719488064,TTCGCGATCCGAGGGAGAAGTTGAG,"N25, DEN",,7.58412029999999
HepG2,TGFBR2,40,GGGGGG,0.8533942542936028,0.41130283344841606,CGATTGAGGAGAGACGAACTGAACA,"N25, DEN",,7.25100399999999
HepG2,TGFBR2,41,GGGGGG,0.8460616696810838,0.7475199276865317,TAACTCTCTGACGAGGAGAGTTGAA,"N25, DEN",,7.20562899999999
HepG2,TGFBR2,42,GGGGGG,1.4031120312008907,0.7818950342847067,TTCACGAGTGAGGTAATAACCTGAA,"N25, DEN",,7.1895304
HepG2,TGFBR2,43,GGGGGG,0.8694700172691959,0.40053727327694694,TTACTGACTGCGAGACGAGAGTACA,"N25, DEN",,7.173338
HepG2,TGFBR2,44,GGGGGG,1.975056884721532,1.8605882498157775,TTCGCGAGAGAGGGAATTATACGTT,"N25, DEN+VAE",,7.329358
HepG2,TGFBR2,45,GGGGGG,1.1972016128517222,0.4723056746522883,TTCACGCGAGAGGACTGCGAGGACA,"N25, DEN+VAE",,7.29157
HepG2,TGFBR2,46,GGG,1.2830364773001304,0.4434336048198057,GCTGGATCCCGCAGCCGCGGCTCTTCCCGACGCGTTCCGCCTTCCCCAGCTGTGCACTCTCCATCCAGCTGTGCGCTCTCGTCGGGAGTCCCAGCCGCCACC,VAT1,,
HepG2,TGFBR2,47,GGG,1.0976381917705405,0.5984776856156124,AGACCCGCCGGGCTCCCGCCGCGCGCGCTGTCCCTGGAGCTCGGGGACGCGGCCCGGAGCCGGGAAGGCCACC,LAMA5,,
HepG2,TGFBR2,48,GGG,1.0,0.28099672592235103,GCCACC,Strong Kozak,,
K562,PDCD1,1,GGG,0.4416136162290563,0.10197847712417209,ACATCGTAGAGAGTCGTACTTAAGGGATGCCACCGTTTAAAGGATATCTCGGTATGGCCTGGGTAAGCTTCC,"N50, MPRA, varying MRL",2.14201444267,1.8699944
K562,PDCD1,2,GGG,0.7443489372393348,0.056173551681309775,ACATCGTAGAGAGTCGTACTTAACTCTAGAGTCAGGCATTCTGTGAAATGGACATGGGCGAAGTAGGACCTA,"N50, MPRA, varying MRL",3.49743523483,3.50064599999999
K562,PDCD1,3,GGG,0.9584601417982639,0.08038182155578552,ACATCGTAGAGAGTCGTACTTACAGCTCCTGCCAACGCAGAAGGCACCTATGCACTCTCGGACCGCGTCTCC,"N50, MPRA, varying MRL",5.00082721136,5.0024657
K562,PDCD1,4,GGG,1.0361773355670016,0.02618081146027277,ACATCGTAGAGAGTCGTACTTACCGGCAAGGGGTCCGGGGGTCTCCAACGCAGGAGCACACCGCAAGCTTAG,"N50, MPRA, varying MRL",6.49549800941999,6.496485
K562,PDCD1,5,GGG,0.9934618291873941,0.03233376546894694,ACATCGTAGAGAGTCGTACTTACAAGAGTGCAAGACACGCTCAGAAGTTAACAAAGACTTAGCGACACCGTC,"N50, MPRA, high MRL",10.3604624995,7.82313999999999
K562,PDCD1,6,GGG,1.0169647392230248,0.03207939602912765,ACATCGTAGAGAGTCGTACTTACGAGCCGGAAACGGTACTCTAATTGGCATACACACCTAGCGCAAACAATC,"N50, MPRA, high MRL",9.30928311507,7.7394547
K562,PDCD1,7,GGG,0.9774475063707618,0.04669292879219532,ACATCGTAGAGAGTCGTACTTAACGCAAACTTTGTCGTGCCTTAGGTAGAGGGTGACTACTTGCGGATCAAG,"N50, MPRA, high MRL",9.22563531786,7.644577
K562,PDCD1,8,GGG,0.9970689846451022,0.023222125643928657,ACATCGTAGAGAGTCGTACTTACCCACGGTGATAGTGCGAGTAGACAGAGGGACTTTTAGGCACATTGGGAT,"N50, MPRA, high MRL",8.99674377403,7.9392843
K562,PDCD1,9,GGG,1.0389448979611493,0.15118063659711448,AATACAGAGTAAACCCAATCCTGAG,"N25, MPRA, high MRL",7.85899915962985,6.5708075
K562,PDCD1,10,GGG,1.05637818267278,0.046286739021254644,CAACACTGGAAACCCGATCCCGAAG,"N25, MPRA, high MRL",7.53281897451905,6.5204167
K562,PDCD1,11,GGG,1.0864794634554578,0.07536817197497334,AGTAGCTGTCAGAAGGCTATATACC,"N25, MPRA, high MRL",7.47163065236159,6.501658
K562,PDCD1,12,GGG,0.9103166841684496,0.040710770230254226,TAATACACTCATAGTCATAATTAAT,"N25, MPRA, high MRL",7.4351200947328,6.81824349999999
K562,PDCD1,13,GGG,0.9874512279661563,0.02310028306595045,ACATCGTAGAGAGTCGTACTTACCGGATATCCGGATTTAATAGATAGAAGATATAATAAGATAATTATTGCT,"N50, SeqProp",,8.29675197601318
K562,PDCD1,14,GGG,0.8125122991515132,0.026139423926220373,ACATCGTAGAGAGTCGTACTTACCGTAATCCGTTTTATAGTGAGAGAGTAGTAATTTAAGTAGAGAATCGTT,"N50, SeqProp",,8.12943744659423
K562,PDCD1,15,GGG,0.9246228253434192,0.021336483229983657,ACATCGTAGAGAGTCGTACTTAACAGAGAGTTTTCTATAACGTAAATCCGTAGCTAAGTAAGTAGAAGAGTT,"N50, SeqProp",,7.93594694137573
K562,PDCD1,16,GGG,0.7157447770493041,0.03186500002326392,ACATCGTAGAGAGTCGTACTTACCCGTAACTTAATAATATCCGAGATTAGTAGCTAATTTAGCGAGTAGGAA,"N50, SeqProp",,7.91066884994506
K562,PDCD1,17,GGG,0.9585856177682668,0.05951668760684684,ACATCGTAGAGAGTCGTACTTACCCAGAGAATATAAATCATAGTATAGTAATCCAAGAGAGTAGAAGATATT,"N50, SeqProp+VAE",,7.85807561874389
K562,PDCD1,18,GGG,0.9895396343112961,0.09530150618906726,ACATCGTAGAGAGTCGTACTTAGAGAGAGAGTTTATACCACAGAGTAACTTAACCCAATAATAACTAGAGTA,"N50, SeqProp+VAE",,7.97784280776977
K562,PDCD1,19,GGG,0.9056944253031732,0.02884154810122822,ACATCGTAGAGAGTCGTACTTACCCGGATAAAAAAACCCTGAGTGTAATCTAAGAGAATCGTAGAAAGAGTA,"N50, SeqProp+VAE",,7.84907531738281
K562,PDCD1,20,GGG,0.7356399246053298,0.01933982246828767,ACATCGTAGAGAGTCGTACTTACCCGTAGCGTAAAAAACAATTAGTAGAGAGAAATTATTGAGCGTAAAGTA,"N50, SeqProp+VAE",,7.92645740509033
K562,PDCD1,21,GGG,1.0154065860646202,0.030967190109213807,TTACGAGTAGAGAAGACCTTCTGAA,"N25, SeqProp",,7.24189281463623
K562,PDCD1,22,GGG,0.8729207362304494,0.018603366049034484,TTTGACCTTTCCTACTGATAGAGAA,"N25, SeqProp",,7.16906356811523
K562,PDCD1,23,GGG,1.081523622356563,0.039690143487540984,CAAACTCTCTGAGGAGAGGTTTAAA,"N25, SeqProp",,7.26868772506713
K562,PDCD1,24,GGG,0.9892631428828867,0.06022452833299022,TTTCCGTCTACTCGAGAGAGGAAAA,"N25, SeqProp",,7.17438793182373
K562,PDCD1,25,GGG,1.0374814412911448,0.12769069863091995,TTCGAGCGACCTGAATTAGAGGACA,"N25, SeqProp",,7.0868330001831
K562,PDCD1,26,GGG,1.0561282283677733,0.06541178087059225,TTTACCGGAATCCGAATTTGCGAAA,"N25, SeqProp+VAE",,7.1935429573059
K562,PDCD1,27,GGG,0.8745481797180283,0.08157339681917386,TTCCGACCTTCCGAGGAGTTTAAGA,"N25, SeqProp+VAE",,7.18079996109008
K562,PDCD1,28,GGG,1.0070127862386973,0.05561241482799792,ACATCGTAGAGAGTCGTACTTATCGGAGAGAGAGAGAGAGAGAGAGAGAGATAAGTTCCTAACTGATTCTAA,"N50, DEN",,9.757784
K562,PDCD1,29,GGG,1.04622005428799,0.05040654512316807,ACATCGTAGAGAGTCGTACTTAGTCCCTGAACGTTTTCGGGGAGCGCACTAATCGTTTCTCACTGATCCTAA,"N50, DEN",,9.343899
K562,PDCD1,30,GGG,0.930604996221873,0.04761955712715203,ACATCGTAGAGAGTCGTACTTAAAGGAGAGAGAGAGAGAATCGGAGAGCACTAATCGTTCCACTAACTGATC,"N50, DEN",,9.214127
K562,PDCD1,31,GGG,0.9931892089698109,0.046262512262127506,ACATCGTAGAGAGTCGTACTTATCTAGTTCTAGTAGATAAGTTCCACTAGAACCCTAACTGACTAGCACACA,"N50, DEN",,9.167394
K562,PDCD1,32,GGG,0.9531091023238736,0.07849544227284692,ACATCGTAGAGAGTCGTACTTAAAGTCCCTAATCGTTCCTAATCGGGGAGAGAGATAAGTTTCTGATTCTAA,"N50, DEN",,9.146587
K562,PDCD1,33,GGG,0.9366528193796833,0.06292057511367453,ACATCGTAGAGAGTCGTACTTAGTTTTCTGGAGAAAGAGTCTAGAGCTAGCAGAGAGACCTTAAACCCTAAA,"N50, DEN+VAE",,8.7772255
K562,PDCD1,34,GGG,1.0645068542539944,0.05921833568317086,ACATCGTAGAGAGTCGTACTTAGAGAGTTTTTATTCTTAAGTTTCGAAGTGAGAATCTCTAGAATTATCATA,"N50, DEN+VAE",,8.63653
K562,PDCD1,35,GGG,0.2216094198684921,0.06303131103326083,ACATCGTAGAGAGTCGTACTTACATCCCGGTCGCCATGGCTGGGTGTCCCCATCCGCGTCCCCAACAATGGC,"N50, DEN, varying MRL",,1.9945269
K562,PDCD1,36,GGG,0.7206778143848049,0.043173966640672724,ACATCGTAGAGAGTCGTACTTACATCAAGGCGTGTCCCCATTAGGGCAGGTGTCCCCATCAATGCTGGGTAT,"N50, DEN, varying MRL",,3.4991133
K562,PDCD1,37,GGG,0.8031122450696353,0.008238734517851985,ACATCGTAGAGAGTCGTACTTACATCAAGGTGTCTCCATCAAGGATAGGCCTGGCTCATCAAGGCTCGGTGT,"N50, DEN, varying MRL",,5.0119877
K562,PDCD1,38,GGG,0.8382214237209717,0.03667704952880873,ACATCGTAGAGAGTCGTACTTAGTACGGCAGTACGGTGTCACCATTACGTGCTAGGTGTCACCATTTAGTAT,"N50, DEN, varying MRL",,6.500868
K562,PDCD1,39,GGG,1.034872589573561,0.05005396662761757,TTCGCGATCCGAGGGAGAAGTTGAG,"N25, DEN",,7.58412029999999
K562,PDCD1,40,GGG,0.9628374247343393,0.025196929439736258,CGATTGAGGAGAGACGAACTGAACA,"N25, DEN",,7.25100399999999
K562,PDCD1,41,GGG,1.0834253833091307,0.11440890746655318,TAACTCTCTGACGAGGAGAGTTGAA,"N25, DEN",,7.20562899999999
K562,PDCD1,42,GGG,1.1088481392173788,0.08197401693774416,TTCACGAGTGAGGTAATAACCTGAA,"N25, DEN",,7.1895304
K562,PDCD1,43,GGG,0.9911701281070573,0.03728420908070983,TTACTGACTGCGAGACGAGAGTACA,"N25, DEN",,7.173338
K562,PDCD1,44,GGG,0.9986529040433352,0.05044391801371541,TTCGCGAGAGAGGGAATTATACGTT,"N25, DEN+VAE",,7.329358
K562,PDCD1,45,GGG,1.1098798304708486,0.05352227878946309,TTCACGCGAGAGGACTGCGAGGACA,"N25, DEN+VAE",,7.29157
K562,PDCD1,46,GGG,1.2655717858739366,0.1445546118535931,GCTGGATCCCGCAGCCGCGGCTCTTCCCGACGCGTTCCGCCTTCCCCAGCTGTGCACTCTCCATCCAGCTGTGCGCTCTCGTCGGGAGTCCCAGCCGCCACC,VAT1,,
K562,PDCD1,47,GGG,1.05101812269108,0.025238178953945117,AGACCCGCCGGGCTCCCGCCGCGCGCGCTGTCCCTGGAGCTCGGGGACGCGGCCCGGAGCCGGGAAGGCCACC,LAMA5,,
K562,PDCD1,48,GGG,1.0,0.016485053222452185,GCCACC,Strong Kozak,,
K562,TGFBR2,1,GGG,0.12871108007560492,0.030517311096500285,ACATCGTAGAGAGTCGTACTTAAGGGATGCCACCGTTTAAAGGATATCTCGGTATGGCCTGGGTAAGCTTCC,"N50, MPRA, varying MRL",2.14201444267,1.8699944
K562,TGFBR2,2,GGG,0.4920386303531773,0.051454017991877134,ACATCGTAGAGAGTCGTACTTAACTCTAGAGTCAGGCATTCTGTGAAATGGACATGGGCGAAGTAGGACCTA,"N50, MPRA, varying MRL",3.49743523483,3.50064599999999
K562,TGFBR2,3,GGG,1.0395964628611436,0.07214563236248969,ACATCGTAGAGAGTCGTACTTACAGCTCCTGCCAACGCAGAAGGCACCTATGCACTCTCGGACCGCGTCTCC,"N50, MPRA, varying MRL",5.00082721136,5.0024657
K562,TGFBR2,4,GGG,1.1154898394689552,0.08637175493378557,ACATCGTAGAGAGTCGTACTTACCGGCAAGGGGTCCGGGGGTCTCCAACGCAGGAGCACACCGCAAGCTTAG,"N50, MPRA, varying MRL",6.49549800941999,6.496485
K562,TGFBR2,5,GGG,1.0078394895948757,0.05977329754871577,ACATCGTAGAGAGTCGTACTTACAAGAGTGCAAGACACGCTCAGAAGTTAACAAAGACTTAGCGACACCGTC,"N50, MPRA, high MRL",10.3604624995,7.82313999999999
K562,TGFBR2,6,GGG,0.9795088591620034,0.0697341473042424,ACATCGTAGAGAGTCGTACTTACGAGCCGGAAACGGTACTCTAATTGGCATACACACCTAGCGCAAACAATC,"N50, MPRA, high MRL",9.30928311507,7.7394547
K562,TGFBR2,7,GGG,1.1990203398432644,0.13262818453383413,ACATCGTAGAGAGTCGTACTTAACGCAAACTTTGTCGTGCCTTAGGTAGAGGGTGACTACTTGCGGATCAAG,"N50, MPRA, high MRL",9.22563531786,7.644577
K562,TGFBR2,8,GGG,1.0696517429100476,0.05840039684393355,ACATCGTAGAGAGTCGTACTTACCCACGGTGATAGTGCGAGTAGACAGAGGGACTTTTAGGCACATTGGGAT,"N50, MPRA, high MRL",8.99674377403,7.9392843
K562,TGFBR2,9,GGG,1.0922847490401213,0.10929369855520527,AATACAGAGTAAACCCAATCCTGAG,"N25, MPRA, high MRL",7.85899915962985,6.5708075
K562,TGFBR2,10,GGG,0.9824908534281458,0.05776149102130512,CAACACTGGAAACCCGATCCCGAAG,"N25, MPRA, high MRL",7.53281897451905,6.5204167
K562,TGFBR2,11,GGG,1.1189023901478805,0.07570174519709731,AGTAGCTGTCAGAAGGCTATATACC,"N25, MPRA, high MRL",7.47163065236159,6.501658
K562,TGFBR2,12,GGG,0.8555251523792748,0.08879532614591121,TAATACACTCATAGTCATAATTAAT,"N25, MPRA, high MRL",7.4351200947328,6.81824349999999
K562,TGFBR2,13,GGG,0.9393697931443823,0.04062883789636206,ACATCGTAGAGAGTCGTACTTACCGGATATCCGGATTTAATAGATAGAAGATATAATAAGATAATTATTGCT,"N50, SeqProp",,8.29675197601318
K562,TGFBR2,14,GGG,0.6709447091893422,0.04050717834973318,ACATCGTAGAGAGTCGTACTTACCGTAATCCGTTTTATAGTGAGAGAGTAGTAATTTAAGTAGAGAATCGTT,"N50, SeqProp",,8.12943744659423
K562,TGFBR2,15,GGG,0.828535899921478,0.06121613305970284,ACATCGTAGAGAGTCGTACTTAACAGAGAGTTTTCTATAACGTAAATCCGTAGCTAAGTAAGTAGAAGAGTT,"N50, SeqProp",,7.93594694137573
K562,TGFBR2,16,GGG,0.4105912078666907,0.02502841866679706,ACATCGTAGAGAGTCGTACTTACCCGTAACTTAATAATATCCGAGATTAGTAGCTAATTTAGCGAGTAGGAA,"N50, SeqProp",,7.91066884994506
K562,TGFBR2,17,GGG,0.9393053609389914,0.11342497345039378,ACATCGTAGAGAGTCGTACTTACCCAGAGAATATAAATCATAGTATAGTAATCCAAGAGAGTAGAAGATATT,"N50, SeqProp+VAE",,7.85807561874389
K562,TGFBR2,18,GGG,0.9927644934062672,0.10966143835113533,ACATCGTAGAGAGTCGTACTTAGAGAGAGAGTTTATACCACAGAGTAACTTAACCCAATAATAACTAGAGTA,"N50, SeqProp+VAE",,7.97784280776977
K562,TGFBR2,19,GGG,0.6479930764796524,0.05236566349400452,ACATCGTAGAGAGTCGTACTTACCCGGATAAAAAAACCCTGAGTGTAATCTAAGAGAATCGTAGAAAGAGTA,"N50, SeqProp+VAE",,7.84907531738281
K562,TGFBR2,20,GGG,0.4440794731130082,0.04766127909850784,ACATCGTAGAGAGTCGTACTTACCCGTAGCGTAAAAAACAATTAGTAGAGAGAAATTATTGAGCGTAAAGTA,"N50, SeqProp+VAE",,7.92645740509033
K562,TGFBR2,21,GGG,1.0081031744960913,0.08918307612999475,TTACGAGTAGAGAAGACCTTCTGAA,"N25, SeqProp",,7.24189281463623
K562,TGFBR2,22,GGG,0.7422742694197113,0.040249281494958315,TTTGACCTTTCCTACTGATAGAGAA,"N25, SeqProp",,7.16906356811523
K562,TGFBR2,23,GGG,1.0150536770494423,0.04175172569822489,CAAACTCTCTGAGGAGAGGTTTAAA,"N25, SeqProp",,7.26868772506713
K562,TGFBR2,24,GGG,0.8992419417381643,0.0458272885427909,TTTCCGTCTACTCGAGAGAGGAAAA,"N25, SeqProp",,7.17438793182373
K562,TGFBR2,25,GGG,0.9948059634132664,0.10670843951720922,TTCGAGCGACCTGAATTAGAGGACA,"N25, SeqProp",,7.0868330001831
K562,TGFBR2,26,GGG,1.0187295186185457,0.1237806356475419,TTTACCGGAATCCGAATTTGCGAAA,"N25, SeqProp+VAE",,7.1935429573059
K562,TGFBR2,27,GGG,1.0403560662475324,0.0949156762742082,TTCCGACCTTCCGAGGAGTTTAAGA,"N25, SeqProp+VAE",,7.18079996109008
K562,TGFBR2,28,GGG,1.1017812259980562,0.14266241435552784,ACATCGTAGAGAGTCGTACTTATCGGAGAGAGAGAGAGAGAGAGAGAGAGATAAGTTCCTAACTGATTCTAA,"N50, DEN",,9.757784
K562,TGFBR2,29,GGG,1.1180841203681415,0.06558953181073814,ACATCGTAGAGAGTCGTACTTAGTCCCTGAACGTTTTCGGGGAGCGCACTAATCGTTTCTCACTGATCCTAA,"N50, DEN",,9.343899
K562,TGFBR2,30,GGG,1.0784106451161373,0.08485506219029273,ACATCGTAGAGAGTCGTACTTAAAGGAGAGAGAGAGAGAATCGGAGAGCACTAATCGTTCCACTAACTGATC,"N50, DEN",,9.214127
K562,TGFBR2,31,GGG,1.2175036351864463,0.0655581022597204,ACATCGTAGAGAGTCGTACTTATCTAGTTCTAGTAGATAAGTTCCACTAGAACCCTAACTGACTAGCACACA,"N50, DEN",,9.167394
K562,TGFBR2,32,GGG,1.1072380204802645,0.04538103342433537,ACATCGTAGAGAGTCGTACTTAAAGTCCCTAATCGTTCCTAATCGGGGAGAGAGATAAGTTTCTGATTCTAA,"N50, DEN",,9.146587
K562,TGFBR2,33,GGG,1.05374148805501,0.12206568287107888,ACATCGTAGAGAGTCGTACTTAGTTTTCTGGAGAAAGAGTCTAGAGCTAGCAGAGAGACCTTAAACCCTAAA,"N50, DEN+VAE",,8.7772255
K562,TGFBR2,34,GGG,1.0027229122629704,0.09106067973687071,ACATCGTAGAGAGTCGTACTTAGAGAGTTTTTATTCTTAAGTTTCGAAGTGAGAATCTCTAGAATTATCATA,"N50, DEN+VAE",,8.63653
K562,TGFBR2,35,GGG,0.04467889446205174,0.009660850950233462,ACATCGTAGAGAGTCGTACTTACATCCCGGTCGCCATGGCTGGGTGTCCCCATCCGCGTCCCCAACAATGGC,"N50, DEN, varying MRL",,1.9945269
K562,TGFBR2,36,GGG,0.29390462167541054,0.03868267562211152,ACATCGTAGAGAGTCGTACTTACATCAAGGCGTGTCCCCATTAGGGCAGGTGTCCCCATCAATGCTGGGTAT,"N50, DEN, varying MRL",,3.4991133
K562,TGFBR2,37,GGG,0.5124454365210035,0.032746615811574155,ACATCGTAGAGAGTCGTACTTACATCAAGGTGTCTCCATCAAGGATAGGCCTGGCTCATCAAGGCTCGGTGT,"N50, DEN, varying MRL",,5.0119877
K562,TGFBR2,38,GGG,0.5933600064545079,0.03797342006595975,ACATCGTAGAGAGTCGTACTTAGTACGGCAGTACGGTGTCACCATTACGTGCTAGGTGTCACCATTTAGTAT,"N50, DEN, varying MRL",,6.500868
K562,TGFBR2,39,GGG,1.6251204553206278,0.16948146315231247,TTCGCGATCCGAGGGAGAAGTTGAG,"N25, DEN",,7.58412029999999
K562,TGFBR2,40,GGG,1.0239496651516051,0.060027445932760166,CGATTGAGGAGAGACGAACTGAACA,"N25, DEN",,7.25100399999999
K562,TGFBR2,41,GGG,1.0736819919132614,0.14542838563412536,TAACTCTCTGACGAGGAGAGTTGAA,"N25, DEN",,7.20562899999999
K562,TGFBR2,42,GGG,1.1033590452825135,0.11974935811848217,TTCACGAGTGAGGTAATAACCTGAA,"N25, DEN",,7.1895304
K562,TGFBR2,43,GGG,0.9681204775867774,0.11348162602351135,TTACTGACTGCGAGACGAGAGTACA,"N25, DEN",,7.173338
K562,TGFBR2,44,GGG,0.9700600980181869,0.15267041476380588,TTCGCGAGAGAGGGAATTATACGTT,"N25, DEN+VAE",,7.329358
K562,TGFBR2,45,GGG,1.1806225821481746,0.061085933062464376,TTCACGCGAGAGGACTGCGAGGACA,"N25, DEN+VAE",,7.29157
K562,TGFBR2,46,GGG,0.9376662477501065,0.06530088512939441,GCTGGATCCCGCAGCCGCGGCTCTTCCCGACGCGTTCCGCCTTCCCCAGCTGTGCACTCTCCATCCAGCTGTGCGCTCTCGTCGGGAGTCCCAGCCGCCACC,VAT1,,
K562,TGFBR2,47,GGG,1.283662069694048,0.12481131340461334,AGACCCGCCGGGCTCCCGCCGCGCGCGCTGTCCCTGGAGCTCGGGGACGCGGCCCGGAGCCGGGAAGGCCACC,LAMA5,,
K562,TGFBR2,48,GGG,1.0,0.03448620306955752,GCCACC,Strong Kozak,,
